City_ID,City,Lat,Lng,Max Temp,Humidity,Cloudiness,Wind Speed,Country,Date
0,Vestmannaeyjar,63.4427,-20.2734,34.72,75,100,31.29,IS,2022-02-14 01:35:06
1,Poronaysk,49.2167,143.1167,16.74,81,44,9.71,RU,2022-02-14 01:35:07
2,Mataura,-46.1927,168.8643,67.48,35,100,2.75,NZ,2022-02-14 01:35:07
3,Ponta Do Sol,32.6667,-17.1,62.06,72,88,1.3,PT,2022-02-14 01:35:08
4,Iqaluit,63.7506,-68.5145,-16.31,68,100,3.0,CA,2022-02-14 01:34:57
5,Norman Wells,65.282,-126.8329,-7.56,71,100,3.44,CA,2022-02-14 01:34:27
6,La Ronge,55.1001,-105.2842,14.25,79,100,6.91,CA,2022-02-14 01:35:09
7,Aracaju,-10.9111,-37.0717,82.35,78,20,13.8,BR,2022-02-14 01:33:23
8,Bredasdorp,-34.5322,20.0403,65.52,72,99,9.22,ZA,2022-02-14 01:35:10
9,Ancud,-41.8697,-73.8203,62.13,95,6,2.26,CL,2022-02-14 01:35:10
10,Laizhou,37.1717,119.9214,28.36,70,100,16.37,CN,2022-02-14 01:35:11
11,Hofn,64.2539,-15.2082,22.73,67,31,9.91,IS,2022-02-14 01:35:11
12,Berdigestyakh,62.0989,126.6992,-18.8,98,97,0.85,RU,2022-02-14 01:35:12
13,Svetlogorsk,52.6333,29.7333,26.15,86,11,10.31,BY,2022-02-14 01:35:12
14,Albany,42.6001,-73.9662,22.17,57,29,4.0,US,2022-02-14 01:35:13
15,Busselton,-33.65,115.3333,79.05,46,0,9.48,AU,2022-02-14 01:35:13
16,Ribeira Grande,38.5167,-28.7,58.08,69,100,3.51,PT,2022-02-14 01:35:14
17,Vaini,-21.2,-175.2,86.16,74,40,9.22,TO,2022-02-14 01:35:14
18,Hermanus,-34.4187,19.2345,68.9,79,80,17.87,ZA,2022-02-14 01:35:15
19,Hobart,-42.8794,147.3294,69.03,68,75,12.66,AU,2022-02-14 01:33:28
20,Castro,-24.7911,-50.0119,65.43,89,97,2.48,BR,2022-02-14 01:35:15
21,Mahebourg,-20.4081,57.7,80.26,94,75,9.22,MU,2022-02-14 01:35:16
22,Pilar,-9.5972,-35.9567,76.93,78,98,7.67,BR,2022-02-14 01:32:48
23,Cape Town,-33.9258,18.4232,69.12,79,20,23.02,ZA,2022-02-14 01:31:14
24,Hilo,19.7297,-155.09,78.53,69,20,8.05,US,2022-02-14 01:33:17
25,Kapaa,22.0752,-159.319,78.78,70,75,17.27,US,2022-02-14 01:34:57
26,Qaanaaq,77.484,-69.3632,-8.28,70,76,6.76,GL,2022-02-14 01:35:17
27,Prince Rupert,54.3161,-130.3201,46.49,76,100,12.66,CA,2022-02-14 01:30:47
28,Ushuaia,-54.8,-68.3,38.86,75,40,34.52,AR,2022-02-14 01:35:14
29,Bin Qirdan,33.1378,11.2197,53.91,83,34,8.61,TN,2022-02-14 01:35:18
30,Srednekolymsk,67.45,153.6833,-21.62,93,20,5.59,RU,2022-02-14 01:35:19
31,Stepnyak,52.8339,70.7803,3.47,94,100,5.28,KZ,2022-02-14 01:35:20
32,Jamestown,42.097,-79.2353,15.3,61,40,5.75,US,2022-02-14 01:35:20
33,Wewak,-3.5534,143.6268,83.16,75,97,2.66,PG,2022-02-14 01:35:21
34,Kovdor,67.5662,30.4758,16.18,96,100,3.33,RU,2022-02-14 01:35:21
35,Brae,60.3964,-1.353,39.11,83,100,18.28,GB,2022-02-14 01:35:21
36,Key West,24.5557,-81.7826,70.0,83,20,12.66,US,2022-02-14 01:35:22
37,Wanaka,-44.7,169.15,69.12,42,96,1.99,NZ,2022-02-14 01:35:23
38,Souillac,-20.5167,57.5167,80.37,94,75,9.22,MU,2022-02-14 01:35:23
39,Katobu,-4.9408,122.5276,82.04,74,72,5.19,ID,2022-02-14 01:35:24
40,Chuy,-33.6971,-53.4616,58.44,67,5,7.31,UY,2022-02-14 01:35:24
41,Victoria,22.2855,114.1577,65.17,79,48,5.99,HK,2022-02-14 01:32:56
42,Waitara,-38.925,174.25,69.22,49,10,18.39,NZ,2022-02-14 01:35:25
43,Butaritari,3.0707,172.7902,81.12,77,32,12.28,KI,2022-02-14 01:35:25
44,Thompson,55.7435,-97.8558,-18.24,76,0,2.3,CA,2022-02-14 01:35:26
45,East London,-33.0153,27.9116,71.31,81,20,9.95,ZA,2022-02-14 01:36:26
46,Tiksi,71.6872,128.8694,-12.42,91,19,10.47,RU,2022-02-14 01:36:27
47,Tual,-5.6667,132.75,80.67,76,76,7.36,ID,2022-02-14 01:36:27
48,Rikitea,-23.1203,-134.9692,79.0,70,3,14.58,PF,2022-02-14 01:36:28
49,Bilibino,68.0546,166.4372,-22.95,98,89,1.5,RU,2022-02-14 01:36:28
50,Carnarvon,-24.8667,113.6333,84.27,74,5,6.91,AU,2022-02-14 01:36:29
51,Wabana,47.6332,-52.9481,33.39,83,100,5.75,CA,2022-02-14 01:36:29
52,Komsomolets,53.7453,62.0708,13.75,97,100,3.49,KZ,2022-02-14 01:36:30
53,Tasiilaq,65.6145,-37.6368,21.36,91,100,20.71,GL,2022-02-14 01:36:30
54,Avarua,-21.2078,-159.775,75.25,88,75,8.05,CK,2022-02-14 01:36:31
55,Murray Bridge,-35.1167,139.2667,93.31,40,3,8.99,AU,2022-02-14 01:36:31
56,Makat,47.6469,53.3463,22.05,90,8,15.26,KZ,2022-02-14 01:36:32
57,Punta Arenas,-53.15,-70.9167,46.11,49,20,13.8,CL,2022-02-14 01:35:17
58,Barrow,71.2906,-156.7887,-27.38,68,0,9.22,US,2022-02-14 01:34:43
59,Wajima,37.4,136.9,39.88,56,40,11.5,JP,2022-02-14 01:36:33
60,Huron,41.1501,-82.5499,17.71,83,100,8.81,US,2022-02-14 01:36:33
61,Atar,20.5169,-13.0499,64.94,20,98,7.9,MR,2022-02-14 01:36:33
62,Ahipara,-35.1667,173.1667,70.84,55,17,11.52,NZ,2022-02-14 01:36:34
63,Ilheus,-14.7889,-39.0494,80.42,89,75,3.44,BR,2022-02-14 01:36:34
64,Jibuti,11.5,42.5,71.02,79,6,6.73,DJ,2022-02-14 01:36:35
65,Banjarmasin,-3.3244,114.591,82.54,63,87,1.54,ID,2022-02-14 01:36:35
66,Thunder Bay,48.4001,-89.3168,3.56,70,75,2.3,CA,2022-02-14 01:36:36
67,Baykit,61.67,96.37,-20.63,100,55,3.56,RU,2022-02-14 01:36:36
68,Nuuk,64.1835,-51.7216,5.61,85,75,5.75,GL,2022-02-14 01:36:37
69,Puerto Ayora,-0.7393,-90.3518,75.54,93,95,3.47,EC,2022-02-14 01:36:37
70,Kozlovka,55.8428,48.2492,16.84,99,99,3.15,RU,2022-02-14 01:36:38
71,Georgetown,5.4112,100.3354,82.33,86,20,5.01,MY,2022-02-14 01:36:25
72,Te Anau,-45.4167,167.7167,68.36,45,100,1.74,NZ,2022-02-14 01:36:39
73,Bethel,41.3712,-73.414,27.48,66,100,6.91,US,2022-02-14 01:36:39
74,Kurilsk,45.2333,147.8833,28.65,63,88,12.06,RU,2022-02-14 01:36:39
75,Upernavik,72.7868,-56.1549,-3.35,96,100,4.47,GL,2022-02-14 01:36:03
76,Turbat,26.0023,63.044,64.8,38,27,10.96,PK,2022-02-14 01:36:41
77,Dikson,73.5069,80.5464,-5.42,88,100,23.17,RU,2022-02-14 01:36:41
78,Tuatapere,-46.1333,167.6833,67.82,51,100,5.68,NZ,2022-02-14 01:36:42
79,Kawalu,-7.3817,108.2082,81.07,76,95,2.06,ID,2022-02-14 01:36:42
80,Kahului,20.8947,-156.47,80.62,63,20,14.97,US,2022-02-14 01:33:03
81,Mabaruma,8.2,-59.7833,70.74,95,98,3.15,GY,2022-02-14 01:36:09
82,Diplo,24.4667,69.584,61.3,70,0,6.91,PK,2022-02-14 01:36:43
83,Talnakh,69.4865,88.3972,-8.05,70,10,8.79,RU,2022-02-14 01:36:43
84,Klaksvik,62.2266,-6.589,32.92,65,100,28.7,FO,2022-02-14 01:36:44
85,Longyearbyen,78.2186,15.6401,15.64,92,75,0.0,SJ,2022-02-14 01:35:15
86,Canico,32.6333,-16.85,62.06,71,40,11.5,PT,2022-02-14 01:36:45
87,Bluff,-46.6,168.3333,67.8,63,100,1.57,NZ,2022-02-14 01:36:45
88,Alyangula,-13.8483,136.4192,82.27,78,75,17.27,AU,2022-02-14 01:36:46
89,Nabinagar,23.8917,90.9733,62.67,63,0,4.61,BD,2022-02-14 01:36:46
90,Kapit,2.0167,112.9333,82.18,74,99,1.95,MY,2022-02-14 01:37:47
91,Saint-Philippe,-21.3585,55.7679,78.39,87,38,11.43,RE,2022-02-14 01:35:39
92,Bengkulu,-3.8004,102.2655,81.36,71,99,2.77,ID,2022-02-14 01:37:47
93,Alipur,29.3846,70.9116,53.69,43,14,9.22,PK,2022-02-14 01:37:48
94,Mar Del Plata,-38.0023,-57.5575,63.88,79,0,0.0,AR,2022-02-14 01:37:48
95,Kaitangata,-46.2817,169.8464,63.09,57,99,6.62,NZ,2022-02-14 01:37:49
96,Katsuura,35.1333,140.3,46.11,68,99,23.6,JP,2022-02-14 01:37:49
97,Shablykino,52.8566,35.1964,18.46,90,22,11.12,RU,2022-02-14 01:37:50
98,Kamenka,51.3223,42.7678,5.52,97,82,6.17,RU,2022-02-14 01:37:50
99,Antofagasta,-23.65,-70.4,67.28,79,82,4.59,CL,2022-02-14 01:36:03
100,Koutiala,12.3917,-5.4642,71.38,15,3,10.13,ML,2022-02-14 01:37:51
101,Port Alfred,-33.5906,26.891,68.83,90,58,15.21,ZA,2022-02-14 01:37:51
102,Provideniya,64.3833,-173.3,-3.64,65,0,8.99,RU,2022-02-14 01:36:47
103,Tessalit,20.1986,1.0114,60.03,23,60,10.8,ML,2022-02-14 01:37:52
104,Caravelas,-17.7125,-39.2481,75.09,91,95,4.72,BR,2022-02-14 01:37:53
105,Esperance,-33.8667,121.9,71.44,59,65,11.14,AU,2022-02-14 01:37:53
106,Lisala,2.15,21.5167,70.32,41,100,1.88,CD,2022-02-14 01:37:53
107,Nikolskoye,59.7035,30.7861,34.92,91,100,11.54,RU,2022-02-14 01:37:54
108,Kavieng,-2.5744,150.7967,84.43,70,84,6.33,PG,2022-02-14 01:36:24
109,Aksarka,66.5606,67.7975,-11.65,99,100,2.35,RU,2022-02-14 01:37:55
110,Udachnyy,66.4167,112.4,-20.24,86,9,1.23,RU,2022-02-14 01:37:55
111,Orumiyeh,37.5527,45.0761,26.15,80,75,6.91,IR,2022-02-14 01:37:56
112,Massakory,12.996,15.7293,71.08,13,64,10.6,TD,2022-02-14 01:37:56
113,Camacha,33.0833,-16.3333,57.96,72,20,2.3,PT,2022-02-14 01:37:57
114,Gryazovets,58.88,40.2525,25.18,93,100,11.3,RU,2022-02-14 01:37:57
115,Oranjemund,-28.55,16.4333,64.02,92,7,9.06,NA,2022-02-14 01:37:58
116,Havre-Saint-Pierre,50.2334,-63.5986,3.2,71,0,11.5,CA,2022-02-14 01:37:59
117,Ketchikan,55.3422,-131.6461,46.38,87,100,4.61,US,2022-02-14 01:37:59
118,Yellowknife,62.456,-114.3525,-17.88,90,40,4.61,CA,2022-02-14 01:37:59
119,Ilulissat,69.2167,-51.1,8.62,66,40,18.41,GL,2022-02-14 01:38:00
120,Atuona,-9.8,-139.0333,77.61,79,17,13.56,PF,2022-02-14 01:38:01
121,Hasaki,35.7333,140.8333,41.29,57,100,28.32,JP,2022-02-14 01:38:01
122,Hithadhoo,-0.6,73.0833,82.09,74,52,12.8,MV,2022-02-14 01:38:02
123,Andra,62.5147,65.8878,-8.55,100,100,2.75,RU,2022-02-14 01:38:02
124,Luderitz,-26.6481,15.1594,71.06,67,1,9.8,NA,2022-02-14 01:38:03
125,Anadyr,64.75,177.4833,-31.52,73,66,11.18,RU,2022-02-14 01:38:03
126,Xudat,41.631,48.681,34.34,79,21,4.25,AZ,2022-02-14 01:38:04
127,Brookhaven,31.5791,-90.4407,40.66,59,0,3.69,US,2022-02-14 01:38:04
128,Port Elizabeth,-33.918,25.5701,66.49,94,100,10.36,ZA,2022-02-14 01:38:05
129,Stavropol,45.0428,41.9733,19.69,86,0,6.71,RU,2022-02-14 01:38:05
130,Praia Da Vitoria,38.7333,-27.0667,57.45,82,40,4.76,PT,2022-02-14 01:38:06
131,Aklavik,68.2191,-135.0107,-24.77,98,100,10.74,CA,2022-02-14 01:38:06
132,Tytuvenai,55.6,23.2,31.91,78,100,12.17,LT,2022-02-14 01:38:07
133,Cockburn Town,21.4612,-71.1419,78.76,73,20,9.22,TC,2022-02-14 01:38:07
134,Vanavara,60.34,102.2797,-19.59,97,35,4.5,RU,2022-02-14 01:39:08
135,Rio Grande,-32.035,-52.0986,64.51,56,0,13.29,BR,2022-02-14 01:35:20
136,Saskylakh,71.9167,114.0833,-17.45,93,20,3.02,RU,2022-02-14 01:39:08
137,Buin,-33.7333,-70.75,72.73,71,1,2.44,CL,2022-02-14 01:39:09
138,Keetmanshoop,-26.5833,18.1333,68.92,83,100,11.5,NA,2022-02-14 01:35:16
139,Margate,51.3813,1.3862,49.71,86,100,10.0,GB,2022-02-14 01:39:10
140,Tuktoyaktuk,69.4541,-133.0374,-29.2,68,75,9.22,CA,2022-02-14 01:36:30
141,Mawlaik,23.6333,94.4167,61.88,42,0,1.3,MM,2022-02-14 01:39:11
142,Suntar,62.1444,117.6319,-10.08,97,100,1.28,RU,2022-02-14 01:39:11
143,Hambantota,6.1241,81.1185,77.34,94,40,9.22,LK,2022-02-14 01:39:11
144,New Norfolk,-42.7826,147.0587,68.67,55,96,1.99,AU,2022-02-14 01:36:48
145,Biak,-0.9131,122.8766,81.73,68,78,0.81,ID,2022-02-14 01:38:17
146,Chokurdakh,70.6333,147.9167,-14.03,97,83,8.32,RU,2022-02-14 01:39:12
147,Lebu,-37.6167,-73.65,57.61,91,98,5.28,CL,2022-02-14 01:39:13
148,Genhe,50.7833,121.5167,-2.2,87,100,2.51,CN,2022-02-14 01:39:13
149,Lieksa,63.3167,30.0167,33.15,98,100,14.16,FI,2022-02-14 01:39:14
150,Dunedin,-45.8742,170.5036,61.81,60,72,8.01,NZ,2022-02-14 01:36:10
151,Ahuimanu,21.4447,-157.8378,80.31,56,0,12.66,US,2022-02-14 01:39:14
152,Port Keats,-14.25,129.55,85.26,64,100,3.18,AU,2022-02-14 01:39:15
153,Palmerston,-12.486,130.9833,90.03,56,20,2.3,AU,2022-02-14 01:39:16
154,Orange Cove,36.6244,-119.3137,80.26,40,0,3.62,US,2022-02-14 01:39:16
155,Leningradskiy,69.3833,178.4167,-16.44,90,77,5.48,RU,2022-02-14 01:35:38
156,Grand-Lahou,5.1367,-5.0242,78.58,84,85,4.72,CI,2022-02-14 01:38:39
157,Belaya Gora,68.5333,146.4167,-15.45,91,98,4.74,RU,2022-02-14 01:39:17
158,Graaff-Reinet,-32.2522,24.5308,66.92,77,100,7.65,ZA,2022-02-14 01:39:18
159,Baudh,20.8416,84.3213,59.41,31,6,1.03,IN,2022-02-14 01:39:18
160,Paamiut,61.994,-49.6678,10.36,90,100,17.74,GL,2022-02-14 01:39:19
161,Kutum,14.2,24.6667,58.08,20,7,8.34,SD,2022-02-14 01:39:19
162,Riyadh,24.6877,46.7219,48.34,34,0,8.37,SA,2022-02-14 01:36:10
163,Crib Point,-38.35,145.2,95.79,76,1,10.2,AU,2022-02-14 01:39:20
164,Middle Valley,35.1959,-85.1847,37.74,57,2,3.0,US,2022-02-14 01:39:20
165,Barra Bonita,-22.4947,-48.5581,82.44,82,0,0.81,BR,2022-02-14 01:39:21
166,San Patricio,28.017,-97.5169,55.49,39,92,8.39,US,2022-02-14 01:39:21
167,Hima,0.2958,30.1804,68.4,60,38,2.24,UG,2022-02-14 01:39:22
168,Miyako,39.6367,141.9525,38.8,38,1,6.71,JP,2022-02-14 01:39:23
169,Mwinilunga,-11.7358,24.4293,61.45,98,100,3.36,ZM,2022-02-14 01:39:23
170,Mount Gambier,-37.8333,140.7667,75.11,50,23,10.36,AU,2022-02-14 01:39:24
171,Pincher Creek,49.4833,-113.952,41.16,52,0,9.22,CA,2022-02-14 01:39:24
172,Banda Aceh,5.5577,95.3222,81.09,72,64,7.0,ID,2022-02-14 01:37:07
173,Gazanjyk,39.2446,55.5154,37.17,64,61,8.95,TM,2022-02-14 01:39:25
174,Kijang,35.2442,129.2139,47.93,66,22,5.95,KR,2022-02-14 01:39:25
175,Imperia,43.9667,7.7833,42.28,62,100,0.54,IT,2022-02-14 01:39:26
176,Comodoro Rivadavia,-45.8667,-67.5,62.46,55,0,12.66,AR,2022-02-14 01:39:26
177,Posse,-14.0931,-46.3694,68.07,90,74,1.61,BR,2022-02-14 01:39:27
178,Almaty,43.25,76.95,21.11,100,100,2.24,KZ,2022-02-14 01:39:27
179,Kurumkan,54.3,110.3,-10.7,87,28,2.15,RU,2022-02-14 01:39:28
180,Kjollefjord,70.9457,27.3465,19.71,91,100,7.31,NO,2022-02-14 01:39:28
181,Constitucion,-35.3333,-72.4167,58.86,90,64,2.93,CL,2022-02-14 01:38:40
182,Sal Rei,16.1833,-22.9167,70.36,73,99,19.06,CV,2022-02-14 01:40:29
183,Swan Hill,-35.3378,143.5544,97.09,18,1,13.76,AU,2022-02-14 01:40:30
184,Khatanga,71.9667,102.5,-27.56,100,52,2.33,RU,2022-02-14 01:36:08
185,Breytovo,58.2993,37.8617,25.97,87,100,13.04,RU,2022-02-14 01:40:30
186,Portland,45.5234,-122.6762,58.89,61,0,5.99,US,2022-02-14 01:36:09
187,Dryden,49.7833,-92.7503,-3.71,77,100,4.61,CA,2022-02-14 01:40:31
188,Honningsvag,70.9821,25.9704,21.94,87,100,11.59,NO,2022-02-14 01:40:32
189,Agadir,30.4202,-9.5982,55.85,66,0,7.05,MA,2022-02-14 01:40:32
190,Batangafo,7.3008,18.2833,75.06,17,100,4.83,CF,2022-02-14 01:40:33
191,Beitbridge,-22.2167,30.0,72.36,54,22,4.14,ZW,2022-02-14 01:40:33
192,Bambous Virieux,-20.3428,57.7575,80.22,94,75,9.22,MU,2022-02-14 01:40:34
193,San Narciso,15.0143,120.0803,82.4,62,90,0.47,PH,2022-02-14 01:40:34
194,Palafrugell,41.9174,3.1631,54.72,55,67,5.01,ES,2022-02-14 01:36:22
195,Isangel,-19.55,169.2667,87.91,70,57,6.91,VU,2022-02-14 01:40:35
196,Kodiak,57.79,-152.4072,40.51,60,0,8.05,US,2022-02-14 01:40:35
197,Mount Isa,-20.7333,139.5,87.57,45,93,12.66,AU,2022-02-14 01:40:36
198,Katrineholm,58.9959,16.2072,35.73,92,100,7.47,SE,2022-02-14 01:40:37
199,Placido De Castro,-10.3353,-67.1856,72.63,99,96,1.23,BR,2022-02-14 01:40:37
200,Along,28.1667,94.7667,52.65,45,0,1.68,IN,2022-02-14 01:40:38
201,Buala,-8.145,159.5921,80.38,84,100,6.62,SB,2022-02-14 01:40:38
202,Starachowice,51.0374,21.0713,31.03,72,0,5.55,PL,2022-02-14 01:40:39
203,Ngunguru,-35.6167,174.5,75.16,57,56,6.46,NZ,2022-02-14 01:40:39
204,Coahuayana,18.7333,-103.6833,74.53,71,92,0.78,MX,2022-02-14 01:40:39
205,Anna Paulowna,52.862,4.834,52.95,80,100,25.99,NL,2022-02-14 01:40:40
206,Fort Nelson,58.8053,-122.7002,6.39,72,40,3.44,CA,2022-02-14 01:39:08
207,Lavrentiya,65.5833,-171.0,-18.63,93,13,2.21,RU,2022-02-14 01:40:41
208,Saint Anthony,45.0205,-93.218,8.15,78,100,9.22,US,2022-02-14 01:40:41
209,Saint George,37.1041,-113.5841,64.99,16,0,0.0,US,2022-02-14 01:40:42
210,Jardim,-21.4803,-56.1381,82.13,43,75,3.38,BR,2022-02-14 01:40:42
211,Suez,29.9737,32.5263,52.02,83,38,9.51,EG,2022-02-14 01:40:43
212,Port Blair,11.6667,92.75,69.84,88,20,2.3,IN,2022-02-14 01:38:23
213,Legnica,51.2101,16.1619,40.46,66,20,12.44,PL,2022-02-14 01:40:43
214,Shetpe,44.1667,52.1167,27.75,75,4,5.82,KZ,2022-02-14 01:40:44
215,Ternate,0.8,127.4,81.66,73,100,1.99,ID,2022-02-14 01:40:44
216,Bubaque,11.2833,-15.8333,77.99,62,0,4.27,GW,2022-02-14 01:40:45
217,Geraldton,-28.7667,114.6,81.01,69,0,4.61,AU,2022-02-14 01:40:45
218,Pangai,-19.8,-174.35,86.11,66,20,12.66,TO,2022-02-14 01:40:46
219,Pitimbu,-7.4706,-34.8086,81.19,74,4,9.42,BR,2022-02-14 01:40:46
220,Cabra,37.4725,-4.4421,54.14,82,90,5.06,ES,2022-02-14 01:40:47
221,Manacapuru,-3.2997,-60.6206,77.58,90,100,4.27,BR,2022-02-14 01:40:47
222,Siemiatycze,52.4272,22.8623,27.25,70,3,10.65,PL,2022-02-14 01:40:48
223,Dingle,10.9995,122.6711,83.37,70,100,10.18,PH,2022-02-14 01:40:48
224,Port Hueneme,34.1478,-119.1951,79.77,37,0,9.22,US,2022-02-14 01:40:49
225,Turukhansk,65.8167,87.9833,-7.33,88,36,12.08,RU,2022-02-14 01:36:45
226,Tura,25.5198,90.2201,59.94,63,0,3.27,IN,2022-02-14 01:41:49
227,Lagoa,39.05,-27.9833,56.64,60,100,5.06,PT,2022-02-14 01:41:50
228,Natal,-5.795,-35.2094,82.62,78,40,9.22,BR,2022-02-14 01:41:50
229,Bulungu,-4.55,18.6,69.96,95,100,2.3,CD,2022-02-14 01:41:51
230,Chumikan,54.7183,135.315,1.36,77,83,4.79,RU,2022-02-14 01:41:51
231,Nueva Germania,-23.9,-56.5667,76.26,60,32,3.69,PY,2022-02-14 01:41:52
232,Verkhoyansk,67.5447,133.385,-15.36,87,96,1.43,RU,2022-02-14 01:41:52
233,Carinhanha,-14.3047,-43.765,70.59,86,87,3.29,BR,2022-02-14 01:41:53
234,Puerto Ayacucho,5.6639,-67.6236,81.75,50,77,2.86,VE,2022-02-14 01:41:53
235,Bang Saphan,11.2126,99.5117,82.35,81,91,1.66,TH,2022-02-14 01:41:54
236,Datong,40.0936,113.2914,6.62,66,40,1.7,CN,2022-02-14 01:41:54
237,Nanortalik,60.1432,-45.2371,20.71,94,100,27.2,GL,2022-02-14 01:41:55
238,Merrill,45.1805,-89.6835,8.37,59,40,0.0,US,2022-02-14 01:40:06
239,Waipawa,-41.4122,175.5153,61.45,69,100,13.24,NZ,2022-02-14 01:41:55
240,Broken Hill,-31.95,141.4333,92.91,18,40,11.5,AU,2022-02-14 01:38:32
241,Bahia Blanca,-38.7196,-62.2724,73.83,27,0,12.15,AR,2022-02-14 01:41:56
242,Sao Domingos,-13.3983,-46.3183,70.09,91,98,2.04,BR,2022-02-14 01:41:57
243,Lata,40.1629,-8.3327,53.82,94,33,3.0,PT,2022-02-14 01:41:58
244,Jacareacanga,-6.2222,-57.7528,73.96,98,100,2.06,BR,2022-02-14 01:41:58
245,Clyde River,70.4692,-68.5914,-14.57,70,100,23.02,CA,2022-02-14 01:41:06
246,Norrtalje,59.758,18.705,38.07,91,100,9.19,SE,2022-02-14 01:41:59
247,Agirish,61.9247,63.0231,-13.56,100,96,0.63,RU,2022-02-14 01:41:59
248,Owando,-0.4819,15.8999,70.88,94,61,3.09,CG,2022-02-14 01:42:00
249,Tiznit,29.5833,-9.5,52.41,50,0,3.51,MA,2022-02-14 01:42:00
250,Kununurra,-15.7667,128.7333,75.18,88,36,10.36,AU,2022-02-14 01:38:27
251,Asau,46.4333,26.4,28.96,80,97,3.96,RO,2022-02-14 01:42:01
252,Touros,-5.1989,-35.4608,81.5,75,5,13.02,BR,2022-02-14 01:42:01
253,Zhigansk,66.7697,123.3711,-32.57,98,56,1.77,RU,2022-02-14 01:38:51
254,Davenda,53.5556,119.317,-1.32,87,100,3.0,RU,2022-02-14 01:42:02
255,Najran,17.4924,44.1277,48.85,51,23,1.88,SA,2022-02-14 01:42:02
256,Eyl,7.9803,49.8164,71.74,73,57,11.77,SO,2022-02-14 01:42:03
257,Muros,42.7762,-9.0603,53.24,94,9,18.03,ES,2022-02-14 01:42:03
258,Dombarovskiy,50.7587,59.5386,7.2,96,47,10.47,RU,2022-02-14 01:42:04
259,Pierre,44.3683,-100.351,43.86,45,0,13.8,US,2022-02-14 01:42:04
260,Kiruna,67.8557,20.2251,0.52,85,5,6.91,SE,2022-02-14 01:42:05
261,Sembe,1.6481,14.5806,69.58,81,100,2.66,CG,2022-02-14 01:42:06
262,Cidreira,-30.1811,-50.2056,68.77,88,24,2.75,BR,2022-02-14 01:42:06
263,Belmonte,-15.8631,-38.8828,77.5,88,91,6.29,BR,2022-02-14 01:42:07
264,Forest Grove,45.5198,-123.1107,57.25,64,0,3.0,US,2022-02-14 01:42:07
265,Montemorelos,25.2,-99.8167,52.12,39,100,4.9,MX,2022-02-14 01:42:08
266,Tautira,-17.7333,-149.15,87.82,77,75,17.47,PF,2022-02-14 01:42:08
267,Dudinka,69.4058,86.1778,-16.85,91,16,6.6,RU,2022-02-14 01:42:08
268,Sabang,5.8933,95.3214,82.26,72,36,10.96,ID,2022-02-14 01:40:45
269,Lodwar,3.1191,35.5973,80.17,43,7,4.47,KE,2022-02-14 01:42:09
270,Pozo Colorado,-23.4923,-58.7972,75.31,60,3,4.83,PY,2022-02-14 01:42:10
271,Tombouctou,20.0,-3.0,58.26,26,50,11.92,ML,2022-02-14 01:42:10
272,Shimoda,34.6667,138.95,44.96,66,100,17.65,JP,2022-02-14 01:43:11
273,Pevek,69.7008,170.3133,-15.95,97,100,8.41,RU,2022-02-14 01:43:11
274,Cherskiy,68.75,161.3,-21.87,97,95,6.29,RU,2022-02-14 01:41:24
275,Bowen,-20.0167,148.2333,82.62,63,13,21.52,AU,2022-02-14 01:43:12
276,Lompoc,34.6391,-120.4579,73.08,79,0,6.91,US,2022-02-14 01:39:24
277,Pacific Grove,36.6177,-121.9166,71.8,83,100,5.75,US,2022-02-14 01:43:13
278,Yaan,7.3833,8.5667,78.73,14,97,3.83,NG,2022-02-14 01:43:13
279,Xiaoweizhai,26.1903,107.5125,44.62,77,74,3.4,CN,2022-02-14 01:43:14
280,Nagorsk,59.3172,50.8078,0.12,100,99,2.71,RU,2022-02-14 01:43:14
281,Berlevag,70.8578,29.0864,20.75,90,100,7.29,NO,2022-02-14 01:43:15
282,Teguldet,57.3064,88.1667,0.68,96,100,10.09,RU,2022-02-14 01:43:15
283,Kavaratti,10.5669,72.642,80.6,71,0,7.05,IN,2022-02-14 01:43:16
284,Khuzhir,53.1939,107.3397,-3.46,94,58,13.13,RU,2022-02-14 01:43:16
285,Wanning,18.8003,110.3967,68.36,89,100,10.56,CN,2022-02-14 01:43:17
286,Mersing,2.4312,103.8405,78.71,94,40,2.3,MY,2022-02-14 01:43:17
287,Pisco,-13.7,-76.2167,69.85,73,0,16.11,PE,2022-02-14 01:40:55
288,Homer,59.6425,-151.5483,37.8,77,0,11.5,US,2022-02-14 01:43:18
289,Karratha,-20.7377,116.8463,95.85,38,60,9.01,AU,2022-02-14 01:38:34
290,Amga,60.8953,131.9608,-8.3,91,100,1.48,RU,2022-02-14 01:43:18
291,Shubarshi,48.5872,57.1869,15.91,93,100,16.51,KZ,2022-02-14 01:43:19
292,Gidam,18.9833,81.4,58.59,32,5,2.64,IN,2022-02-14 01:43:19
293,Tyumentsevo,53.3224,81.498,10.87,91,82,10.29,RU,2022-02-14 01:43:20
294,Burns Lake,54.2331,-125.7533,35.02,98,100,2.3,CA,2022-02-14 01:40:04
295,Guane,22.2025,-84.0875,71.71,74,99,10.4,CU,2022-02-14 01:43:21
296,Grindavik,63.8424,-22.4338,30.15,80,75,12.66,IS,2022-02-14 01:43:22
297,Nuevo Laredo,27.4763,-99.5164,59.27,21,0,0.0,MX,2022-02-14 01:43:22
298,Palma Del Rio,37.7002,-5.2812,55.38,94,96,5.79,ES,2022-02-14 01:43:22
299,Ovalle,-30.5983,-71.2003,69.49,62,0,3.58,CL,2022-02-14 01:43:23
300,Bandarbeyla,9.4942,50.8122,73.44,74,100,12.55,SO,2022-02-14 01:43:23
301,Pinheiro,-2.5214,-45.0825,73.31,97,100,2.21,BR,2022-02-14 01:43:24
302,Taltal,-25.4,-70.4833,68.4,77,3,3.69,CL,2022-02-14 01:43:24
303,Penzance,50.1186,-5.5371,47.77,75,27,17.45,GB,2022-02-14 01:43:25
304,Joshimath,30.5667,79.5667,38.55,38,0,8.84,IN,2022-02-14 01:43:25
305,Erenhot,43.6475,111.9767,-4.94,86,10,2.01,CN,2022-02-14 01:43:26
306,Sur,22.5667,59.5289,70.18,72,0,14.63,OM,2022-02-14 01:43:26
307,Daru,-9.0763,143.2092,85.24,62,71,10.29,PG,2022-02-14 01:43:27
308,Slobodskoy,58.7322,50.1772,-0.42,100,88,3.33,RU,2022-02-14 01:43:27
309,Awjilah,29.1081,21.2869,52.23,61,0,5.32,LY,2022-02-14 01:43:28
310,Vila Franca Do Campo,37.7167,-25.4333,58.19,70,100,4.09,PT,2022-02-14 01:41:28
311,Nouakchott,18.0858,-15.9785,67.93,44,98,10.0,MR,2022-02-14 01:39:49
312,Jalu,29.0331,21.5482,52.29,60,0,5.86,LY,2022-02-14 01:43:29
313,Akhmeta,42.0311,45.2075,36.12,98,100,4.92,GE,2022-02-14 01:43:29
314,Saldanha,-33.0117,17.9442,64.45,90,0,14.07,ZA,2022-02-14 01:43:30
315,Yashkul,46.1711,45.3435,31.44,61,0,6.64,RU,2022-02-14 01:43:30
316,Ucar,40.519,47.6542,39.38,74,98,4.61,AZ,2022-02-14 01:44:31
317,Kerema,-7.9631,145.7785,83.32,70,97,6.71,PG,2022-02-14 01:44:31
318,Narsaq,60.9167,-46.05,19.62,96,100,7.07,GL,2022-02-14 01:44:32
319,Tilichiki,60.4667,166.1,-11.52,90,32,10.27,RU,2022-02-14 01:44:32
320,Fengzhen,40.4394,113.1536,3.02,66,60,1.81,CN,2022-02-14 01:44:33
321,Santa Maria Del Oro,25.9333,-105.3667,48.15,30,100,4.65,MX,2022-02-14 01:44:33
322,Port Shepstone,-30.7414,30.455,75.02,86,96,19.39,ZA,2022-02-14 01:44:34
323,Villa Corzo,16.1667,-93.25,65.19,75,99,13.6,MX,2022-02-14 01:44:34
324,Zabid,14.1951,43.3152,74.28,80,15,2.93,YE,2022-02-14 01:44:35
325,Brownwood,31.7093,-98.9912,55.17,37,20,3.44,US,2022-02-14 01:44:35
326,Ekuvukeni,-28.4675,30.1551,64.24,97,48,1.23,ZA,2022-02-14 01:44:36
327,Sigli,5.3848,95.9609,81.16,71,95,2.64,ID,2022-02-14 01:44:36
328,Kampong Chhnang,12.1667,104.55,84.42,62,96,6.02,KH,2022-02-14 01:44:37
329,Hof,50.3167,11.9167,38.43,64,53,5.75,DE,2022-02-14 01:44:37
330,Baghdad,33.3406,44.4009,46.31,61,0,6.91,IQ,2022-02-14 01:40:42
331,Goundam,16.4145,-3.6708,63.03,22,27,9.89,ML,2022-02-14 01:44:38
332,Nichinan,31.6,131.3667,52.07,78,100,13.06,JP,2022-02-14 01:44:38
333,Simbahan,6.3032,120.5836,80.82,75,99,5.06,PH,2022-02-14 01:44:39
334,Mattru,7.6244,-11.8332,74.01,97,14,2.28,SL,2022-02-14 01:44:39
335,Payo,-3.7508,103.6372,81.0,75,87,0.67,ID,2022-02-14 01:44:40
336,Hauterive,46.0901,3.4459,51.58,66,99,16.31,FR,2022-02-14 01:44:40
337,Gravdal,68.1214,13.5031,32.76,61,94,20.02,NO,2022-02-14 01:44:41
338,Takoradi,4.8845,-1.7554,78.44,86,100,7.38,GH,2022-02-14 01:44:41
339,Tabou,4.423,-7.3528,76.86,88,91,4.05,CI,2022-02-14 01:44:42
340,Miercurea-Ciuc,46.35,25.8,26.08,93,95,1.05,RO,2022-02-14 01:44:42
341,Namatanai,-3.6667,152.4333,85.1,69,84,6.29,PG,2022-02-14 01:44:42
342,Marsh Harbour,26.5412,-77.0636,72.66,89,100,19.17,BS,2022-02-14 01:44:43
343,La Peca,-5.6111,-78.435,69.15,85,87,4.54,PE,2022-02-14 01:44:43
344,Kirakira,-10.4544,161.9205,80.04,84,100,4.09,SB,2022-02-14 01:44:44
345,Mareeba,-17.0,145.4333,83.48,67,56,7.74,AU,2022-02-14 01:44:45
346,Meulaboh,4.1363,96.1285,79.2,81,96,4.14,ID,2022-02-14 01:44:45
347,Urumqi,43.801,87.6005,7.75,85,0,2.24,CN,2022-02-14 01:42:02
348,Bereda,43.2686,-7.5406,46.92,100,91,6.62,ES,2022-02-14 01:44:46
349,Nanlong,31.3533,106.0631,49.32,68,83,4.21,CN,2022-02-14 01:44:46
350,Olafsvik,64.8945,-23.7142,32.45,72,100,12.53,IS,2022-02-14 01:44:47
351,Biltine,14.5333,20.9167,72.34,12,100,14.9,TD,2022-02-14 01:44:47
352,Nyurba,63.2842,118.3319,-13.76,99,100,0.89,RU,2022-02-14 01:44:48
353,Pervomayskiy,53.2485,40.2871,15.13,91,62,8.12,RU,2022-02-14 01:44:48
354,Ixtapa,20.7,-105.2,75.22,78,95,1.01,MX,2022-02-14 01:44:48
355,Poum,-20.2333,164.0167,82.89,76,99,11.14,NC,2022-02-14 01:44:49
356,Saint-Leu,-21.15,55.2833,77.86,78,4,1.3,RE,2022-02-14 01:44:49
357,Batemans Bay,-35.7167,150.1833,89.2,41,99,10.36,AU,2022-02-14 01:44:50
358,Krasnokamensk,50.0979,118.0369,-11.87,94,57,3.13,RU,2022-02-14 01:44:51
359,Rocha,-34.4833,-54.3333,58.21,62,50,6.67,UY,2022-02-14 01:44:51
360,Sao Felix Do Xingu,-6.6447,-51.995,70.38,90,100,1.45,BR,2022-02-14 01:44:51
361,Arraial Do Cabo,-22.9661,-42.0278,75.43,92,16,15.43,BR,2022-02-14 01:44:52
362,Gat,31.61,34.7642,52.48,100,99,7.43,IL,2022-02-14 01:44:52
363,Necochea,-38.5473,-58.7368,60.04,52,0,6.24,AR,2022-02-14 01:45:53
364,Gorom-Gorom,14.4439,-0.2361,70.63,13,0,11.12,BF,2022-02-14 01:45:54
365,Arroyo,41.6096,-4.7969,41.59,86,0,11.5,ES,2022-02-14 01:45:54
366,Broome,42.2506,-75.833,16.02,73,0,6.91,US,2022-02-14 01:43:56
367,Elk Grove,38.4088,-121.3716,75.65,43,0,5.75,US,2022-02-14 01:41:15
368,Alcudia,39.8532,3.1214,56.25,86,16,14.92,ES,2022-02-14 01:45:55
369,Lugovoy,42.9472,72.7644,30.49,72,100,4.76,KZ,2022-02-14 01:45:55
370,Nanuet,41.0887,-74.0135,29.32,68,58,3.0,US,2022-02-14 01:41:50
371,Puerto Baquerizo Moreno,-0.9,-89.6,75.47,85,53,5.19,EC,2022-02-14 01:45:56
372,Honiara,-9.4333,159.95,82.42,82,97,7.36,SB,2022-02-14 01:45:57
373,Buraydah,26.326,43.975,43.25,32,0,4.94,SA,2022-02-14 01:45:57
374,Muravlenko,63.7898,74.523,-17.45,100,99,8.46,RU,2022-02-14 01:45:58
375,Cap-Aux-Meules,47.3821,-61.8597,15.82,67,75,13.8,CA,2022-02-14 01:45:58
376,Guerrero Negro,27.9769,-114.0611,69.04,38,6,9.66,MX,2022-02-14 01:45:58
377,Monrovia,6.3005,-10.7969,78.44,87,8,5.95,LR,2022-02-14 01:45:59
378,Ayios Vasilios,37.8,22.8,44.82,78,8,1.54,GR,2022-02-14 01:46:00
379,Port Augusta,-32.5,137.7667,99.72,26,100,4.81,AU,2022-02-14 01:46:00
380,Usinsk,65.9939,57.5281,3.0,98,89,8.7,RU,2022-02-14 01:46:01
381,Marzuq,14.4,46.4667,53.22,52,51,3.06,YE,2022-02-14 01:46:01
382,Black Diamond,47.3087,-122.0032,53.49,61,100,1.01,US,2022-02-14 01:46:02
383,Santa Rosa,14.3122,121.1114,81.86,74,30,8.16,PH,2022-02-14 01:43:08
384,Ghatampur,26.1667,80.1667,52.79,62,0,2.15,IN,2022-02-14 01:46:02
385,Sisimiut,66.9395,-53.6735,-0.33,95,100,17.36,GL,2022-02-14 01:46:03
386,Safaga,26.7292,33.9365,58.95,50,0,16.08,EG,2022-02-14 01:46:03
387,Airai,-8.9266,125.4092,72.54,59,23,2.44,TL,2022-02-14 01:43:36
388,Fortuna,40.5982,-124.1573,62.47,94,100,0.0,US,2022-02-14 01:46:04
389,Faanui,-16.4833,-151.75,80.38,75,100,13.85,PF,2022-02-14 01:46:05
390,Moron,-34.6534,-58.6198,74.95,49,0,5.32,AR,2022-02-14 01:43:43
391,Linares,-35.85,-71.6,62.37,62,0,0.76,CL,2022-02-14 01:46:05
392,Guaruja,-23.9931,-46.2564,80.17,26,0,1.01,BR,2022-02-14 01:46:06
393,Adrar,20.5022,-10.0711,59.85,24,95,10.83,MR,2022-02-14 01:46:06
394,Lyngseidet,69.5763,20.2189,24.89,90,100,9.62,NO,2022-02-14 01:46:07
395,Santa Isabel Do Rio Negro,-0.4139,-65.0192,73.42,96,88,1.52,BR,2022-02-14 01:46:07
396,Yulara,-25.2406,130.9889,91.24,13,2,12.66,AU,2022-02-14 01:46:08
397,Evanston,42.0411,-87.6901,15.48,56,94,1.01,US,2022-02-14 01:45:02
398,Namibe,-15.1961,12.1522,73.69,84,100,1.68,AO,2022-02-14 01:42:27
399,Gejiu,23.306,103.1635,44.78,78,47,4.52,CN,2022-02-14 01:46:09
400,Urucara,-2.5364,-57.76,74.07,96,100,2.24,BR,2022-02-14 01:46:09
401,Polyarnyy,69.1989,33.4478,21.67,93,100,16.69,RU,2022-02-14 01:46:10
402,Angoche,-16.2325,39.9086,76.08,92,95,5.17,MZ,2022-02-14 01:46:10
403,Kruisfontein,-34.0033,24.7314,65.88,92,100,11.9,ZA,2022-02-14 01:46:11
404,Roald,62.5833,6.1333,37.33,87,100,28.77,NO,2022-02-14 01:46:11
405,Kholtoson,50.2981,103.3097,-6.59,92,100,0.47,RU,2022-02-14 01:46:12
406,Bouar,5.934,15.596,67.96,19,100,5.68,CF,2022-02-14 01:46:13
407,Saint-Pierre,-21.3393,55.4781,78.48,73,0,3.44,RE,2022-02-14 01:46:13
408,Moncada,39.5456,-0.3955,60.08,70,75,13.0,ES,2022-02-14 01:46:13
409,Los Zacatones,22.95,-102.05,56.64,56,81,16.98,MX,2022-02-14 01:46:14
410,Jumla,29.2747,82.1838,31.51,62,0,6.2,NP,2022-02-14 01:46:14
